1,"Varina, Lich Queen",Double Masters 2022,2X2,549,January 2025,0.25,11.96,4684%,"New Commander precon (Aetherdrift: Eternal Might) released Jan 2025 with Hashaton, Scarab's Fist as face commander. Varina is the premier upgrade pick for Zombie/discard synergies. The Command Zone highlighted her on their podcast.",New Commander Precon,High,"MTGRocks article (Jan 29, 2025), Wargamer article (Feb 3, 2025), Cardsphere blog (Jan 31, 2025)",https://mtgrocks.com/varina-lich-queen-price-spike/
3,Slaughter,Exodus,EXO,74,June 2025,0.28,8.12,2800%,"Final Fantasy XIV Commander precon (June 2025) introduced Y'shtola, Night's Blessed. Slaughter's buyback cost of 4 life triggers Y'shtola's draw ability each time it's cast, making it a repeatable draw-and-remove engine. Only 1 printing (Exodus, 1998), extremely low supply.",New Commander Precon Synergy,High,"Wargamer article (May 30, 2025), MTGRocks article (May 31, 2025)",https://www.wargamer.com/magic-the-gathering/kill-spell-slaughter
6,Spike Cannibal,Exodus,EXO,75,August 2025,0.37,8.11,2092%,"MTG Final Fantasy Counter Blitz precon (June 2025) flooded the board with +1/+1 counters. Spike Cannibal, which steals ALL +1/+1 counters from all creatures on ETB, became a tech anti-Counter-Blitz card AND a combo piece. Spike didn't gain value until mid-July — a lag spike as players discovered the interaction.","New Commander Precon (hate card discovery, delayed)",High,"MTGRocks article (Jul 18, 2025)",https://mtgrocks.com/spike-cannibal-price-spike/
7,"Zur, Eternal Schemer (Showcase)",Dominaria United,,,October 2024,0.46,9.72,2013%,Duskmourn: House of Horror Commander precons (Sept 2024) included Aminatou as face commander. Zur's ability to animate high-mana-value enchantments synergizes perfectly with Room cards. Also saw play in Marina Vendrell 5-color Room decks and minor Standard play.,New Commander Precon Synergy,High,"Wargamer article (Sep 30, 2024)",https://www.wargamer.com/magic-the-gathering/mtg-card-zur-eternal-schemer-price-spike
16,Tainted Isle,Planechase 2012,PC2,128,October 2024,0.61,7.89,1193%,"Duskmourn Commander precons (Sept 2024) included strong Dimir (U/B) commanders. Tainted Isle is a conditional dual land (produces U or B if you control a Swamp) — a cheap, efficient mana fixer for any Dimir deck. Wilds of Eldraine Commander printing was the cheapest version and emptied first.",New Commander Precon (mana fixing demand),Medium,Inferred from Duskmourn Dimir commander context and land demand timing.,
17,Ghostly Pilferer,Core Set 2021 Promos,PM21,52s,October 2024,0.65,8.25,1169%,"Outlaws of Thunder Junction precon (Apr 2024) included Ghostly Pilferer in the 'stealing spells' deck. Its ability to draw cards whenever opponents cast from non-hand sources makes it ideal for Dimir theft decks. As players built around new OTJ commanders like Gonti, demand for the Pilferer from the same precon's reprint spiked.",New Commander Precon (included card demand),Medium,OTJ Commander decklist (Apr 2024) confirmed inclusion. No dedicated spike article found.,https://magic.wizards.com/en/news/announcements/outlaws-of-thunder-junction-commander-decklists
21,Atomize,Fallout,PIP,338,January 2026,1.26,14.73,1069%,Lorwyn Eclipsed Commander precon 'Blight Curse' revealed December 2025; Atomize synergizes with the Blight mechanic (-1/-1 counters) introduced by High Perfect Morcant. Players bought Atomize as a precon upgrade before the deck released.,New Commander Precon Synergy,High,"MTGRocks article (Jan 2026), TCGPlayer weekly spikes (Jan 8, 2026)",https://mtgrocks.com/mtg-atomize-price-spike/
24,"Chandra, Awakened Inferno",Core Set 2020,M20,127,October 2024,1.68,18.3,990%,"Duskmourn: House of Horror Commander precon 'Endless Punishment' (Valgavoth, Harrower of Souls) released September 2024. Chandra's emblems deal damage each upkeep — they stack, can't be countered, and can't be removed, making her a premier finisher for Valgavoth's group-slug strategy. Also saw sideboard play in Pioneer Boros.",New Commander Precon Synergy,High,"Wargamer article (Oct 2024), MTGRocks article (Chandra spike)",https://www.wargamer.com/magic-the-gathering/mtg-chandra-awakened-inferno-price-spike
26,"Ob Nixilis, Captive Kingpin",March of the Machine: The Aftermath,MAT,41,October 2024,1.74,18.22,947%,"Duskmourn Commander precon 'Endless Punishment' (Valgavoth, Harrower of Souls) released September 2024. Ob Nixilis triggers whenever an opponent loses exactly 1 life — synergizing with every chip-damage effect. March of the Machine: The Aftermath was a poorly-received mini-set with very low supply, making mythics especially scarce.",New Commander Precon Synergy,High,"MTGRocks article (Sep 23, 2024)",https://mtgrocks.com/ob-nixilis-captive-kingpin/
27,Unfulfilled Desires,Mirage,MIR,285,February 2025,1.88,19.4,932%,"Aetherdrift Commander precon 'Eternal Might' (Temmet, Naktamun's Will) revealed January 2025. Unfulfilled Desires (pay 1 mana: discard, then draw) is ideal for Temmet's discard/graveyard synergies. The Command Zone highlighted it in a YouTube Short viewed by 17,000+ people, calling it underpriced. Reserved List card — will never be reprinted.",New Commander Precon (Content Creator Boost),High,"MTGRocks (Jan 29, 2025), Wargamer (Feb 3, 2025), MTGStocks weekly winners 2025-05",https://mtgrocks.com/mtg-unfulfilled-desires-price-spike/
32,"Zur, Eternal Schemer",Dominaria United,DMU,368,October 2024,1.7,16.3,859%,"Same Duskmourn Commander precon synergy as rank #8 (Showcase version). Non-showcase Dominaria United version spiked proportionally, with the base version having less speculative premium baked in.",New Commander Precon Synergy,High,"Wargamer article (Sep 30, 2024)",https://www.wargamer.com/magic-the-gathering/mtg-card-zur-eternal-schemer-price-spike
37,"Chandra, Awakened Inferno",Commander Masters,CMM,875,October 2024,1.58,13.68,766%,Same Duskmourn/Valgavoth Commander spike as rank #24. Commander Masters is a premium set with relatively low print run for individual cards — supply dried up quickly alongside the Core Set 2020 version.,New Commander Precon Synergy,High,"Wargamer article (Oct 2024), MTGRocks (Chandra spike)",https://www.wargamer.com/magic-the-gathering/mtg-chandra-awakened-inferno-price-spike
46,Penance,Exodus,EXO,15,October 2024,0.97,8,724%,"Duskmourn Commander precon 'Miracle Worker' (Aminatou, Veil Protector) revealed at PAX August 2024. Penance lets you put cards from hand on top of library at will — enabling Miracle triggers cheaply and repeatedly. Price began rising on Aminatou's PAX reveal before full decklists were published.",New Commander Precon Synergy,High,"MTGRocks (Penance 1566% spike article), Wargamer (Penance spike)",https://mtgrocks.com/mtg-penance/
54,Filigree Vector (Extended Art),Commander: March of the Machine,,,August 2025,2.05,15.43,653%,"Edge of Eternities Commander precon 'Counter Intelligence' (August 2025) was revealed without reprinting Filigree Vector. The card distributes charge counters and +1/+1 counters across your board, making it the premier upgrade for the charge-counter-themed precon. Only printed in the March of the Machine Commander set.",Commander Precon Upgrade (missed reprint),High,"MTGRocks (Filigree Vector 431% spike), Draftsim (charge counter precon spike)",https://mtgrocks.com/filigree-vector-price-spike/
55,Infantry Shield,Tarkir: Dragonstorm Commander,TDC,75,May 2025,0.96,7.2,650%,"Infantry Shield was included in one of the Tarkir: Dragonstorm Commander precon decks (Jeskai Warrior token strategy, released April 2025). Its equipped creature gains menace and creates attacking Warrior tokens equal to its power. Post-release demand for the included reprint drove the price as players upgraded their decks.",New Commander Precon (included card demand),Medium,"MTGGoldfish price history; MTGPrice early Tarkir Dragonstorm movers article (Apr 12, 2025). No dedicated spike article found.",
57,Persistent Constrictor,Duskmourn: House of Horror Commander,DSC,22,January 2026,2.32,16.38,606%,"Lorwyn Eclipsed Commander precon 'Blight Curse' revealed January 2026 without reprinting Persistent Constrictor. This Duskmourn Commander card distributes -1/-1 counters to all opponent creatures whenever it attacks, making it the premier upgrade for the Blight Curse deck. Same demand wave as Atomize (#21) and Crumbling Ashes (#98).",Commander Precon Upgrade (missed reprint),High,"MTGRocks (Persistent Constrictor 800% spike Jan 2026), Draftsim (weekly spikes Jan 3-9)",https://mtgrocks.com/mtg-persistent-constrictor-price-spike/
67,Life Finds a Way (Borderless),Universes Beyond: Jurassic World Collection,,,January 2026,4.81,29.64,517%,"Lorwyn Eclipsed Commander precon decklists revealed January 2026 featured Ashling, the Limitless (Elemental Evoke commander). Life Finds a Way creates non-exile token copies of Evoked Elementals, letting them persist permanently. Card only appears in 1 out of every 12 Lost Caverns of Ixalan set boosters — extremely scarce supply.",New Commander Precon Synergy,High,MTGRocks (Life Finds a Way 418% Lorwyn Eclipsed spike),https://mtgrocks.com/mtg-life-finds-a-way-price-spike/
68,Agent Frank Horrigan (Extended Art),Universes Beyond: Fallout,,,January 2026,2.55,15.51,508%,Three converging factors: (1) Amazon Prime Fallout TV Show Season 2 hype driving speculators; (2) Strong Jund-colors proliferate ability ideal for the new Lorwyn Eclipsed 'Blight Curse' Commander precon; (3) Over 500 copies sold on January 2 in what appears to be a coordinated buyout. Extended Art version spiked alongside the base.,TV Show Hype / New Commander Precon,High,"MTGRocks (Agent Frank Horrigan 1020% spike), Wargamer (Horrigan 1800% spike)",https://mtgrocks.com/mtg-agent-frank-horrigan-price-spike/
73,Vile Consumption,Invasion,INV,285,June 2025,1.88,11.24,498%,"Final Fantasy Commander (June 2025) introduced Y'shtola, Night's Blessed. Vile Consumption forces opponents to pay 1B each upkeep per nonblack creature they control or those creatures die — triggering Y'shtola's 'draw when opponents pay 4+ life' ability. Only printed in Invasion (2000), making NM copies extremely scarce.",New Commander Precon Synergy,High,MTGRocks (Vile Consumption 504% spike due to Y'shtola),https://mtgrocks.com/vile-consumption-price-spike/
76,Legion Warboss,Guilds of Ravnica Promos,PGRN,109p,May 2025,0.17,1.01,494%,"Tarkir: Dragonstorm Commander (April 2025) included Legion Warboss in a Goblin/warrior-themed precon, and/or created demand for the card as a precon upgrade. Warboss creates a tapped, attacking Goblin token every combat — a powerful engine in any aggro or Goblin Commander deck.",New Commander Precon (included card demand),Medium,Inferred from Tarkir: Dragonstorm Commander release timing. No dedicated article found.,
80,"Zask, Skittering Swarmlord",Jumpstart 2022,J22,47,August 2025,5.76,33.31,478%,"Edge of Eternities (August 2025) Commander precon 'World Shaper' featured Eumidian alien insects with landfall synergies. Zask mills the top card and casts Insect spells from exile for free, synergizing with the insect-swarm World Shaper deck. Only printed in Jumpstart 2022, causing an extreme supply crunch.",New Commander Precon Synergy,High,"MTGRocks (Zask 406% spike due to Edge of Eternities precon), Wargamer (Zask 600% alien bugs spike)",https://mtgrocks.com/zask-skittering-swarmlord-price-spike/
81,Filigree Vector,March of the Machine Commander,MOC,15,August 2025,3.24,18.69,477%,Same Edge of Eternities 'Counter Intelligence' precon spike as rank #54 (Extended Art version). Base version and Extended Art spiked together once the precon decklist confirmed Filigree Vector was not reprinted.,Commander Precon Upgrade (missed reprint),High,"MTGRocks (Filigree Vector 431% spike), Draftsim (charge counter precon spike)",https://mtgrocks.com/filigree-vector-price-spike/
98,Crumbling Ashes,Eventide,EVE,35,January 2026,9.17,48.84,432%,"Same Lorwyn Eclipsed 'Blight Curse' precon demand wave as ranks #21, #57, #67, #68. Crumbling Ashes destroys each creature with a -1/-1 counter at end of turn — an automatic, repeatable kill engine in a -1/-1 counter deck. Only printed in Eventide (2008) with near-mint copies extremely scarce. Over 50 copies sold in three days following the January 11 reveal.",New Commander Precon Synergy,High,"MTGRocks (Crumbling Ashes 395% Lorwyn Eclipsed spike), Wargamer (Crumbling Ashes 575% spike)",https://mtgrocks.com/mtg-crumbling-ashes-price-spike/
99,"Seton, Krosan Protector",Odyssey,ODY,267,April 2025,1.71,9.1,432%,"Tarkir: Dragonstorm (April 2025) Commander precon featured Teval, the Balanced Scale — a Sultai Commander that creates Zombie Druid tokens whenever cards leave the graveyard. Seton lets you tap any Druid for G mana, turning Teval's tokens into an explosive mana engine. Never reprinted since Odyssey (2001); price rose from $0.90 to $9.10+ in about one week.",New Commander Precon Synergy,High,"MTGRocks (Seton 1067% centaur druid spike), Wargamer (Seton 700% spike)",https://mtgrocks.com/seton-krosan-protector-price-spike-mtg/
1,Upheaval,Odyssey,ODY,113,May 2021,2.49,24.94,902%,Upheaval: A newly released or popular commander made this card a synergy pickup.,New Commander Precon Synergy,Medium,MTGStocks Weekly Winners,https://www.mtgstocks.com/news/1094-weekly-winners-2021---21
2,Dakkon Blackblade,Chronicles,CHR,75,May 2021,1.81,16.98,838%,Dakkon Blackblade: A newly released or popular commander made this card a synergy pickup.,New Commander Precon Synergy,Medium,MTGStocks Weekly Winners,https://www.mtgstocks.com/news/1094-weekly-winners-2021---21
3,Sanity Grinding,Eventide,EVE,29,May 2021,2.79,20.5,635%,Sanity Grinding: A newly released or popular commander made this card a synergy pickup.,New Commander Precon Synergy,Medium,MTGStocks Weekly Winners,https://www.mtgstocks.com/news/1094-weekly-winners-2021---21
,Special Squirrel Edition,Legends,,,May 2021,,,,Special Squirrel Edition: A newly released or popular commander made this card a synergy pickup.,New Commander Precon Synergy,Medium,MTGStocks Weekly Winners,https://www.mtgstocks.com/news/1094-weekly-winners-2021---21
1,Scion of Draco,Modern Horizons 2,MH2,323,February 2024,1.99,13,197%,Scion of Draco: A newly released or popular commander made this card a synergy pickup.,New Commander Precon Synergy,Medium,MTGStocks Weekly Winners,https://www.mtgstocks.com/news/11159-weekly-winners-2024---07
2,Cryptic Coat,Murders at Karlov Manor,MKM,394,February 2024,10,6.26,492%,Cryptic Coat: A newly released or popular commander made this card a synergy pickup.,New Commander Precon Synergy,Medium,MTGStocks Weekly Winners,https://www.mtgstocks.com/news/11159-weekly-winners-2024---07
3,Hollowhenge Overlord,Crimson Vow Commander,VOC,36,February 2024,2.5,16.4,125%,Hollowhenge Overlord: A newly released or popular commander made this card a synergy pickup.,New Commander Precon Synergy,Medium,MTGStocks Weekly Winners,https://www.mtgstocks.com/news/11159-weekly-winners-2024---07
1,Gleeful Demolition,Phyrexia: All Will Be One,ONE,134,February 2024,0.45,3.17,188%,Gleeful Demolition: Universes Beyond / TV crossover hype increased demand for related Commander cards.,TV Show Hype / New Commander Precon,High,MTGStocks Weekly Winners,https://www.mtgstocks.com/news/11258-weekly-winners-2024---08
2,Necroskitter,Eventide,EVE,38,February 2024,8.99,29.84,199%,Necroskitter: Universes Beyond / TV crossover hype increased demand for related Commander cards.,TV Show Hype / New Commander Precon,High,MTGStocks Weekly Winners,https://www.mtgstocks.com/news/11258-weekly-winners-2024---08
3,Aetherworks Marvel,Kaladesh,KLD,193,February 2024,1.49,6.99,84%,Aetherworks Marvel: Universes Beyond / TV crossover hype increased demand for related Commander cards.,TV Show Hype / New Commander Precon,High,MTGStocks Weekly Winners,https://www.mtgstocks.com/news/11258-weekly-winners-2024---08
1,Lumbering Megasloth,Fallout,PIP,608,March 2024,10,10,1415%,Lumbering Megasloth: Universes Beyond / TV crossover hype increased demand for related Commander cards.,TV Show Hype / New Commander Precon,High,MTGStocks Weekly Winners,https://www.mtgstocks.com/news/11621-weekly-winners-2024---12
2,Danny Pink,Doctor Who,WHO,39,March 2024,7.99,7.43,271%,Danny Pink: Universes Beyond / TV crossover hype increased demand for related Commander cards.,TV Show Hype / New Commander Precon,High,MTGStocks Weekly Winners,https://www.mtgstocks.com/news/11621-weekly-winners-2024---12
3,"Comet, Stellar Pup",Unfinity,UNF,452,March 2024,5.74,28.99,137%,"Comet, Stellar Pup: Universes Beyond / TV crossover hype increased demand for related Commander cards.",TV Show Hype / New Commander Precon,High,MTGStocks Weekly Winners,https://www.mtgstocks.com/news/11621-weekly-winners-2024---12
1,Component Pouch,Forgotten Realms Commander,AFC,59,March 2024,0.45,4.42,209%,Component Pouch: Universes Beyond / TV crossover hype increased demand for related Commander cards.,TV Show Hype / New Commander Precon,High,MTGStocks Weekly Winners,https://www.mtgstocks.com/news/11753-weekly-winners-2024---13
2,Cyberman Patrol,Doctor Who,WHO,550,March 2024,7.99,6.82,144%,Cyberman Patrol: Universes Beyond / TV crossover hype increased demand for related Commander cards.,TV Show Hype / New Commander Precon,High,MTGStocks Weekly Winners,https://www.mtgstocks.com/news/11753-weekly-winners-2024---13
3,Charismatic Conqueror,The Lost Caverns of Ixalan Commander,LCC,38,March 2024,9.99,35.77,35.8%,Charismatic Conqueror: Universes Beyond / TV crossover hype increased demand for related Commander cards.,TV Show Hype / New Commander Precon,High,MTGStocks Weekly Winners,https://www.mtgstocks.com/news/11753-weekly-winners-2024---13
4,Cateran Summons,Mercadian Masques,MMQ,126,March 2024,0.6,35.77,536%,Cateran Summons: Universes Beyond / TV crossover hype increased demand for related Commander cards.,TV Show Hype / New Commander Precon,High,MTGStocks Weekly Winners,https://www.mtgstocks.com/news/11753-weekly-winners-2024---13
1,Freestrider Lookout,Outlaws of Thunder Junction,OTJ,340,May 2024,0.55,5.36,336%,Freestrider Lookout: A new Commander precon release drove demand for key cards in that strategy.,New Commander Precon,High,MTGStocks Weekly Winners,https://www.mtgstocks.com/news/12512-weekly-winners-2024---21
2,Nerd Rage,Fallout,PIP,34,May 2024,0.49,4,167%,Nerd Rage: A new Commander precon release drove demand for key cards in that strategy.,New Commander Precon,High,MTGStocks Weekly Winners,https://www.mtgstocks.com/news/12512-weekly-winners-2024---21
3,Eldrazi Temple,Commander Masters,CMM,992,May 2024,2.33,7.5,67%,Eldrazi Temple: A new Commander precon release drove demand for key cards in that strategy.,New Commander Precon,High,MTGStocks Weekly Winners,https://www.mtgstocks.com/news/12512-weekly-winners-2024---21
1,Securitron Squadron,Fallout,PIP,328,July 2024,0.85,4.46,74%,Securitron Squadron: A newly released or popular commander made this card a synergy pickup.,New Commander Precon Synergy,Medium,MTGStocks Weekly Winners,https://www.mtgstocks.com/news/13304-weekly-winners-2024---30
2,Nautiloid Ship,Commander Legends: Battle for Baldur's Gate,CLB,373,July 2024,3.57,8.18,68%,Nautiloid Ship: A newly released or popular commander made this card a synergy pickup.,New Commander Precon Synergy,Medium,MTGStocks Weekly Winners,https://www.mtgstocks.com/news/13304-weekly-winners-2024---30
3,Farmer Cotton,Tales of Middle-earth Commander,LTC,138,July 2024,1.47,2.88,127%,Farmer Cotton: A newly released or popular commander made this card a synergy pickup.,New Commander Precon Synergy,Medium,MTGStocks Weekly Winners,https://www.mtgstocks.com/news/13304-weekly-winners-2024---30
4,Gustha's Scepter,Alliances,ALL,120,July 2024,2.09,12.99,475%,Gustha's Scepter: A newly released or popular commander made this card a synergy pickup.,New Commander Precon Synergy,Medium,MTGStocks Weekly Winners,https://www.mtgstocks.com/news/13304-weekly-winners-2024---30
1,Pyrogoyf,Modern Horizons 3 Commander,M3C,59,September 2024,19.99,9.68,908%,Pyrogoyf: A new Commander precon release drove demand for key cards in that strategy.,New Commander Precon,High,MTGStocks Weekly Winners,https://www.mtgstocks.com/news/13964-weekly-winners-2024---38
2,Starfield of Nyx,Magic Origins,ORI,33,September 2024,3.24,13.62,266%,Starfield of Nyx: A new Commander precon release drove demand for key cards in that strategy.,New Commander Precon,High,MTGStocks Weekly Winners,https://www.mtgstocks.com/news/13964-weekly-winners-2024---38
3,Echoing Assault,Bloomburrow Commander,BLC,58,September 2024,5,6.27,168%,Echoing Assault: A new Commander precon release drove demand for key cards in that strategy.,New Commander Precon,High,MTGStocks Weekly Winners,https://www.mtgstocks.com/news/13964-weekly-winners-2024---38
1,Overlord of the Balemurk,Duskmourn: House of Horror,DSK,377,October 2024,10.23,24.35,142%,Overlord of the Balemurk: A newly released or popular commander made this card a synergy pickup.,New Commander Precon Synergy,Medium,MTGStocks Weekly Winners,https://www.mtgstocks.com/news/14195-weekly-winners-2024---41
2,Sunscour,Coldsnap,CSP,19,October 2024,1.4,9.99,80%,Sunscour: A newly released or popular commander made this card a synergy pickup.,New Commander Precon Synergy,Medium,MTGStocks Weekly Winners,https://www.mtgstocks.com/news/14195-weekly-winners-2024---41
3,Hellish Rebuke,Forgotten Realms Commander,AFC,26,October 2024,1.28,5,52%,Hellish Rebuke: A newly released or popular commander made this card a synergy pickup.,New Commander Precon Synergy,Medium,MTGStocks Weekly Winners,https://www.mtgstocks.com/news/14195-weekly-winners-2024---41
1,Neyith of the Dire Hunt,Jumpstart,JMP,30,November 2024,4.7,12.97,198%,Neyith of the Dire Hunt: A newly released or popular commander made this card a synergy pickup.,New Commander Precon Synergy,Medium,MTGStocks Weekly Winners,https://www.mtgstocks.com/news/14591-weekly-winners-2024---45
2,Tempt with Bunnies,Bloomburrow Commander,BLC,49,November 2024,3.72,6.34,106%,Tempt with Bunnies: A newly released or popular commander made this card a synergy pickup.,New Commander Precon Synergy,Medium,MTGStocks Weekly Winners,https://www.mtgstocks.com/news/14591-weekly-winners-2024---45
3,Hivis of the Scale,Mirage,MIR,182,November 2024,1.11,5.69,102%,Hivis of the Scale: A newly released or popular commander made this card a synergy pickup.,New Commander Precon Synergy,Medium,MTGStocks Weekly Winners,https://www.mtgstocks.com/news/14591-weekly-winners-2024---45
1,Sunfrill Imitator,The Lost Caverns of Ixalan Commander,LCC,62,November 2024,1.38,5.32,110%,Sunfrill Imitator: A newly released or popular commander made this card a synergy pickup.,New Commander Precon Synergy,Medium,MTGStocks Weekly Winners,https://www.mtgstocks.com/news/14921-weekly-winners-2024---48
2,Thrumming Stone,Coldsnap,CSP,142,November 2024,7.74,25.87,125%,Thrumming Stone: A newly released or popular commander made this card a synergy pickup.,New Commander Precon Synergy,Medium,MTGStocks Weekly Winners,https://www.mtgstocks.com/news/14921-weekly-winners-2024---48
3,Perch Protection,Bloomburrow Commander,BLC,47,November 2024,40,6.4,101%,Perch Protection: A newly released or popular commander made this card a synergy pickup.,New Commander Precon Synergy,Medium,MTGStocks Weekly Winners,https://www.mtgstocks.com/news/14921-weekly-winners-2024---48
1,This Town Ain't Big Enough,Outlaws of Thunder Junction,OTJ,74,January 2025,0.15,3.49,534%,This Town Ain't Big Enough: A newly released or popular commander made this card a synergy pickup.,New Commander Precon Synergy,Medium,MTGStocks Weekly Winners,https://www.mtgstocks.com/news/15416-weekly-winners-2025---02
2,Collector's Cage,The Big Score,BIG,31,January 2025,3.75,10,199%,Collector's Cage: A newly released or popular commander made this card a synergy pickup.,New Commander Precon Synergy,Medium,MTGStocks Weekly Winners,https://www.mtgstocks.com/news/15416-weekly-winners-2025---02
3,Rolling Hamsphere,Bloomburrow Commander,BLC,71,January 2025,1.19,3.05,66%,Rolling Hamsphere: A newly released or popular commander made this card a synergy pickup.,New Commander Precon Synergy,Medium,MTGStocks Weekly Winners,https://www.mtgstocks.com/news/15416-weekly-winners-2025---02
1,"Arwen, Mortal Queen",The Lord of the Rings: Tales of Middle-earth,LTR,193,May 2025,1.5,5.04,93%,"Arwen, Mortal Queen: A new Commander precon release drove demand for key cards in that strategy.",New Commander Precon,High,MTGStocks Weekly Winners,https://www.mtgstocks.com/news/17495-weekly-winners-2025---22
2,Keeper of the Nine Gales,Legions,LGN,42,May 2025,1.43,5.93,184%,Keeper of the Nine Gales: A new Commander precon release drove demand for key cards in that strategy.,New Commander Precon,High,MTGStocks Weekly Winners,https://www.mtgstocks.com/news/17495-weekly-winners-2025---22
3,Tom Bombadil,The Lord of the Rings: Tales of Middle-earth,LTR,234,May 2025,1.39,5.01,92%,Tom Bombadil: A new Commander precon release drove demand for key cards in that strategy.,New Commander Precon,High,MTGStocks Weekly Winners,https://www.mtgstocks.com/news/17495-weekly-winners-2025---22
1,Spike Cannibal,Exodus,EXO,75,July 2025,0.45,9.94,1888%,Spike Cannibal: A newly released or popular commander made this card a synergy pickup.,New Commander Precon Synergy,Medium,MTGStocks Weekly Winners,https://www.mtgstocks.com/news/18287-weekly-winners-2025---30
2,The Gaffer,Tales of Middle-earth Commander,LTC,96,July 2025,3.16,12.55,289%,The Gaffer: A newly released or popular commander made this card a synergy pickup.,New Commander Precon Synergy,Medium,MTGStocks Weekly Winners,https://www.mtgstocks.com/news/18287-weekly-winners-2025---30
3,"Shelob, Child of Ungoliant",The Lord of the Rings: Tales of Middle-earth,LTR,681,July 2025,0.69,14.99,88%,"Shelob, Child of Ungoliant: A newly released or popular commander made this card a synergy pickup.",New Commander Precon Synergy,Medium,MTGStocks Weekly Winners,https://www.mtgstocks.com/news/18287-weekly-winners-2025---30
4,Wave Goodbye (Extended Art),The Lost Caverns of Ixalan Commander,LCC,,July 2025,5.09,14.29,9%,Wave Goodbye (Extended Art): A newly released or popular commander made this card a synergy pickup.,New Commander Precon Synergy,Medium,MTGStocks Weekly Winners,https://www.mtgstocks.com/news/18287-weekly-winners-2025---30
1,Curse of Disturbance,Commander 2021,C21,138,October 2021,0.96,3.71,286%,Curse of Disturbance: A newly released or popular commander made this card a synergy pickup.,New Commander Precon Synergy,Medium,MTGStocks Weekly Winners,https://www.mtgstocks.com/news/1853-weekly-winners-2021---41
2,Bloodline Keeper,Innistrad,ISD,90,October 2021,17.21,25.99,51%,Bloodline Keeper: A newly released or popular commander made this card a synergy pickup.,New Commander Precon Synergy,Medium,MTGStocks Weekly Winners,https://www.mtgstocks.com/news/1853-weekly-winners-2021---41
3,Mystic Gate,Double Masters,2XM,324,October 2021,21.05,28,33%,Mystic Gate: A newly released or popular commander made this card a synergy pickup.,New Commander Precon Synergy,Medium,MTGStocks Weekly Winners,https://www.mtgstocks.com/news/1853-weekly-winners-2021---41
1,Nova Hellkite,Edge of Eternities,EOE,309,September 2025,9.91,3.23,121%,Nova Hellkite: A newly released or popular commander made this card a synergy pickup.,New Commander Precon Synergy,Medium,MTGStocks Weekly Winners,https://www.mtgstocks.com/news/18848-weekly-winners-2025---36
2,"Haliya, Guided by Light",Edge of Eternities,EOE,289,September 2025,1.92,4.03,109%,"Haliya, Guided by Light: A newly released or popular commander made this card a synergy pickup.",New Commander Precon Synergy,Medium,MTGStocks Weekly Winners,https://www.mtgstocks.com/news/18848-weekly-winners-2025---36
3,Boon Reflection,Shadowmoor,SHM,5,September 2025,8.25,29.45,55%,Boon Reflection: A newly released or popular commander made this card a synergy pickup.,New Commander Precon Synergy,Medium,MTGStocks Weekly Winners,https://www.mtgstocks.com/news/18848-weekly-winners-2025---36
1,Patron of the Vein,Commander 2017,C17,20,October 2021,14,24.08,72%,Patron of the Vein: A newly released or popular commander made this card a synergy pickup.,New Commander Precon Synergy,Medium,MTGStocks Weekly Winners,https://www.mtgstocks.com/news/1886-weekly-winners-2021---42
2,Memory Deluge,Innistrad: Midnight Hunt,MID,337,October 2021,4.75,7.5,58%,Memory Deluge: A newly released or popular commander made this card a synergy pickup.,New Commander Precon Synergy,Medium,MTGStocks Weekly Winners,https://www.mtgstocks.com/news/1886-weekly-winners-2021---42
3,Call the Coppercoats,Commander 2020,C20,23,October 2021,1.99,3.01,51%,Call the Coppercoats: A newly released or popular commander made this card a synergy pickup.,New Commander Precon Synergy,Medium,MTGStocks Weekly Winners,https://www.mtgstocks.com/news/1886-weekly-winners-2021---42
4,Wand of Orcus,Forgotten Realms Commander,AFC,28,October 2021,5.54,7.92,43%,Wand of Orcus: A newly released or popular commander made this card a synergy pickup.,New Commander Precon Synergy,Medium,MTGStocks Weekly Winners,https://www.mtgstocks.com/news/1886-weekly-winners-2021---42
1,Combat Celebrant,Amonkhet,AKH,125,April 2018,2.25,8.99,299.6%,Combat Celebrant: A newly released or popular commander made this card a synergy pickup.,New Commander Precon Synergy,Medium,MTGStocks Weekly Winners,https://www.mtgstocks.com/news/205-weekly-winners-2018-15
2,Command Beacon,Commander 2015,C15,56,April 2018,,,,Command Beacon: A newly released or popular commander made this card a synergy pickup.,New Commander Precon Synergy,Medium,MTGStocks Weekly Winners,https://www.mtgstocks.com/news/205-weekly-winners-2018-15
3,City of Traitors,Exodus,EXO,143,April 2018,179.68,272,51.4%,City of Traitors: A newly released or popular commander made this card a synergy pickup.,New Commander Precon Synergy,Medium,MTGStocks Weekly Winners,https://www.mtgstocks.com/news/205-weekly-winners-2018-15
1,Fecundity,Commander 2013,C13,145,April 2018,,,,Fecundity: A newly released or popular commander made this card a synergy pickup.,New Commander Precon Synergy,Medium,MTGStocks Weekly Winners,https://www.mtgstocks.com/news/211-weekly-winners-2018-16
2,"Nemata, Grove Guardian",Planeshift,PLS,85,April 2018,,,,"Nemata, Grove Guardian: A newly released or popular commander made this card a synergy pickup.",New Commander Precon Synergy,Medium,MTGStocks Weekly Winners,https://www.mtgstocks.com/news/211-weekly-winners-2018-16
3,Mox Diamond,Stronghold,STH,138,April 2018,177.64,530,198.4%,Mox Diamond: A newly released or popular commander made this card a synergy pickup.,New Commander Precon Synergy,Medium,MTGStocks Weekly Winners,https://www.mtgstocks.com/news/211-weekly-winners-2018-16
1,Tendershoot Dryad,Rivals of Ixalan,RIX,147,May 2018,,,,Tendershoot Dryad: A newly released or popular commander made this card a synergy pickup.,New Commander Precon Synergy,Medium,MTGStocks Weekly Winners,https://www.mtgstocks.com/news/212-weekly-winners-2018-17
2,River Kelpie,Shadowmoor,SHM,49,May 2018,,,,River Kelpie: A newly released or popular commander made this card a synergy pickup.,New Commander Precon Synergy,Medium,MTGStocks Weekly Winners,https://www.mtgstocks.com/news/212-weekly-winners-2018-17
3,"Many, Many, reserved list cards",Pro Tour Rome 1998,,,May 2018,,,,"Many, Many, reserved list cards: A newly released or popular commander made this card a synergy pickup.",New Commander Precon Synergy,Medium,MTGStocks Weekly Winners,https://www.mtgstocks.com/news/212-weekly-winners-2018-17
1,"Ezuri, Claw of Progress",Commander 2015,C15,44,June 2018,,,,"Ezuri, Claw of Progress: A newly released or popular commander made this card a synergy pickup.",New Commander Precon Synergy,Medium,MTGStocks Weekly Winners,https://www.mtgstocks.com/news/219-weekly-winners-2018-24
2,Bringer of the Black Dawn,Fifth Dawn,5DN,43,June 2018,3,10,233.3%,Bringer of the Black Dawn: A newly released or popular commander made this card a synergy pickup.,New Commander Precon Synergy,Medium,MTGStocks Weekly Winners,https://www.mtgstocks.com/news/219-weekly-winners-2018-24
3,Stonehoof Chieftain,Commander 2016,C16,25,June 2018,6.75,15.45,128.9%,Stonehoof Chieftain: A newly released or popular commander made this card a synergy pickup.,New Commander Precon Synergy,Medium,MTGStocks Weekly Winners,https://www.mtgstocks.com/news/219-weekly-winners-2018-24
1,Corporeal Projection,Ravnica: Clue Edition,CLU,28,May 2026,2.72,19.24,92%,Corporeal Projection: Universes Beyond / TV crossover hype increased demand for related Commander cards.,TV Show Hype / New Commander Precon,High,MTGStocks Weekly Winners,https://www.mtgstocks.com/news/23171-weekly-winners-2026---22
2,Bottle-Cap Blast,Fallout,PIP,55,May 2026,0.52,6.21,63%,Bottle-Cap Blast: Universes Beyond / TV crossover hype increased demand for related Commander cards.,TV Show Hype / New Commander Precon,High,MTGStocks Weekly Winners,https://www.mtgstocks.com/news/23171-weekly-winners-2026---22
3,Goblin Recruiter,Secret Lair Drop,SLD,1313★,May 2026,25.88,120,33%,Goblin Recruiter: Universes Beyond / TV crossover hype increased demand for related Commander cards.,TV Show Hype / New Commander Precon,High,MTGStocks Weekly Winners,https://www.mtgstocks.com/news/23171-weekly-winners-2026---22
1,Act of Authority,Commander 2013,C13,1,August 2018,0.88,8.75,894%,Act of Authority: A newly released or popular commander made this card a synergy pickup.,New Commander Precon Synergy,Medium,MTGStocks Weekly Winners,https://www.mtgstocks.com/news/235-weekly-winners-2018-34
2,Cleansing Meditation,Torment,TOR,3,August 2018,0.99,4,304.4%,Cleansing Meditation: A newly released or popular commander made this card a synergy pickup.,New Commander Precon Synergy,Medium,MTGStocks Weekly Winners,https://www.mtgstocks.com/news/235-weekly-winners-2018-34
3,Conspiracy,Mercadian Masques,MMQ,127,August 2018,4.51,12.49,177%,Conspiracy: A newly released or popular commander made this card a synergy pickup.,New Commander Precon Synergy,Medium,MTGStocks Weekly Winners,https://www.mtgstocks.com/news/235-weekly-winners-2018-34
1,Curiosity Crafter (Extended Art),Commander 2021,C21,,January 2022,9.16,15.58,70%,Curiosity Crafter (Extended Art): A newly released or popular commander made this card a synergy pickup.,New Commander Precon Synergy,Medium,MTGStocks Weekly Winners,https://www.mtgstocks.com/news/2381-weekly-winners-2022---01
2,Crumbling Sanctuary,Mercadian Masques,MMQ,292,January 2022,2.6,3.66,41%,Crumbling Sanctuary: A newly released or popular commander made this card a synergy pickup.,New Commander Precon Synergy,Medium,MTGStocks Weekly Winners,https://www.mtgstocks.com/news/2381-weekly-winners-2022---01
3,Game of Chaos,Ice Age,ICE,186,January 2022,5.62,7.2,28%,Game of Chaos: A newly released or popular commander made this card a synergy pickup.,New Commander Precon Synergy,Medium,MTGStocks Weekly Winners,https://www.mtgstocks.com/news/2381-weekly-winners-2022---01
1,Great Oak Guardian,Commander 2015,C15,37,February 2019,0.4,7.6,1800%,Great Oak Guardian: A newly released or popular commander made this card a synergy pickup.,New Commander Precon Synergy,Medium,MTGStocks Weekly Winners,https://www.mtgstocks.com/news/263-weekly-winners-2019-06
2,Cold Storage,Tempest,TMP,280,February 2019,1.24,8.95,621.8%,Cold Storage: A newly released or popular commander made this card a synergy pickup.,New Commander Precon Synergy,Medium,MTGStocks Weekly Winners,https://www.mtgstocks.com/news/263-weekly-winners-2019-06
3,Circuitous Route,Guilds of Ravnica,GRN,125,February 2019,0.5,2.44,388%,Circuitous Route: A newly released or popular commander made this card a synergy pickup.,New Commander Precon Synergy,Medium,MTGStocks Weekly Winners,https://www.mtgstocks.com/news/263-weekly-winners-2019-06
1,Mana Breach,Exodus,EXO,38,August 2019,1.18,7.69,551.7%,Mana Breach: A newly released or popular commander made this card a synergy pickup.,New Commander Precon Synergy,Medium,MTGStocks Weekly Winners,https://www.mtgstocks.com/news/297-weekly-winners-2019-31
2,"Ixidor, Reality Sculptor",Onslaught,ONS,89,August 2019,2.13,6.92,224.9%,"Ixidor, Reality Sculptor: A newly released or popular commander made this card a synergy pickup.",New Commander Precon Synergy,Medium,MTGStocks Weekly Winners,https://www.mtgstocks.com/news/297-weekly-winners-2019-31
3,Divergent Transformations,Commander 2016,C16,17,August 2019,2.06,4.99,142.2%,Divergent Transformations: A newly released or popular commander made this card a synergy pickup.,New Commander Precon Synergy,Medium,MTGStocks Weekly Winners,https://www.mtgstocks.com/news/297-weekly-winners-2019-31
1,Collective Defiance,Eldritch Moon,EMN,123,April 2022,1.01,7.74,666%,Collective Defiance: A newly released or popular commander made this card a synergy pickup.,New Commander Precon Synergy,Medium,MTGStocks Weekly Winners,https://www.mtgstocks.com/news/2975-weekly-winners-2022---16
2,Maze\'s End,Dragon's Maze,DGM,152,April 2022,2.41,10.97,355%,Maze\'s End: A newly released or popular commander made this card a synergy pickup.,New Commander Precon Synergy,Medium,MTGStocks Weekly Winners,https://www.mtgstocks.com/news/2975-weekly-winners-2022---16
3,Disorder in the Court,Crimson Vow Commander,VOC,67,April 2022,3.01,5.98,99%,Disorder in the Court: A newly released or popular commander made this card a synergy pickup.,New Commander Precon Synergy,Medium,MTGStocks Weekly Winners,https://www.mtgstocks.com/news/2975-weekly-winners-2022---16
1,Molten Echoes,Crimson Vow Commander,VOC,148,July 2022,1.2,4.66,288%,Molten Echoes: A newly released or popular commander made this card a synergy pickup.,New Commander Precon Synergy,Medium,MTGStocks Weekly Winners,https://www.mtgstocks.com/news/3338-weekly-winners-2022---27
2,Hivis of the Scale,Mirage,MIR,182,July 2022,8.69,19.99,130%,Hivis of the Scale: A newly released or popular commander made this card a synergy pickup.,New Commander Precon Synergy,Medium,MTGStocks Weekly Winners,https://www.mtgstocks.com/news/3338-weekly-winners-2022---27
3,Shadowgrange Archfiend,Crimson Vow Commander,VOC,22,July 2022,2.5,5.06,102%,Shadowgrange Archfiend: A newly released or popular commander made this card a synergy pickup.,New Commander Precon Synergy,Medium,MTGStocks Weekly Winners,https://www.mtgstocks.com/news/3338-weekly-winners-2022---27
4,Maddening Hex,Forgotten Realms Commander,AFC,32,July 2022,6.19,8.35,35%,Maddening Hex: A newly released or popular commander made this card a synergy pickup.,New Commander Precon Synergy,Medium,MTGStocks Weekly Winners,https://www.mtgstocks.com/news/3338-weekly-winners-2022---27
1,Phyrexian Tribute,Mirage,MIR,134,August 2022,3,19.75,559%,Phyrexian Tribute: A newly released or popular commander made this card a synergy pickup.,New Commander Precon Synergy,Medium,MTGStocks Weekly Winners,https://www.mtgstocks.com/news/3503-weekly-winners-2022---32
2,Indomitable Creativity,Aether Revolt,AER,85,August 2022,9.08,17.98,98%,Indomitable Creativity: A newly released or popular commander made this card a synergy pickup.,New Commander Precon Synergy,Medium,MTGStocks Weekly Winners,https://www.mtgstocks.com/news/3503-weekly-winners-2022---32
3,Hopeful Initiate,Innistrad: Crimson Vow,VOW,350,August 2022,4.15,6.18,49%,Hopeful Initiate: A newly released or popular commander made this card a synergy pickup.,New Commander Precon Synergy,Medium,MTGStocks Weekly Winners,https://www.mtgstocks.com/news/3503-weekly-winners-2022---32
1,Complicate,Onslaught,ONS,76,May 2020,0.62,4.18,574.2%,Complicate: A newly released or popular commander made this card a synergy pickup.,New Commander Precon Synergy,Medium,MTGStocks Weekly Winners,https://www.mtgstocks.com/news/358-weekly-winners-2020-21
2,Primordial Hydra,Magic 2013,M13,183,May 2020,11.05,39.88,260.9%,Primordial Hydra: A newly released or popular commander made this card a synergy pickup.,New Commander Precon Synergy,Medium,MTGStocks Weekly Winners,https://www.mtgstocks.com/news/358-weekly-winners-2020-21
3,Taiga,Revised Edition,3ED,287,May 2020,148.68,204,37.2%,Taiga: A newly released or popular commander made this card a synergy pickup.,New Commander Precon Synergy,Medium,MTGStocks Weekly Winners,https://www.mtgstocks.com/news/358-weekly-winners-2020-21
1,Faerie Noble,Homelands,HML,86,September 2022,2.21,3.61,63%,Faerie Noble: A newly released or popular commander made this card a synergy pickup.,New Commander Precon Synergy,Medium,MTGStocks Weekly Winners,https://www.mtgstocks.com/news/3602-weekly-winners-2022---35
2,Astral Dragon,Commander Legends: Battle for Baldur's Gate,CLB,664,September 2022,4.53,5.66,25%,Astral Dragon: A newly released or popular commander made this card a synergy pickup.,New Commander Precon Synergy,Medium,MTGStocks Weekly Winners,https://www.mtgstocks.com/news/3602-weekly-winners-2022---35
3,"Klauth, Unrivaled Ancient",Forgotten Realms Commander,AFC,320,September 2022,16.08,27.98,74%,"Klauth, Unrivaled Ancient: A newly released or popular commander made this card a synergy pickup.",New Commander Precon Synergy,Medium,MTGStocks Weekly Winners,https://www.mtgstocks.com/news/3602-weekly-winners-2022---35
1,Martyrs of Korlis,Antiquities,ATQ,6,September 2022,11.99,35,192%,Martyrs of Korlis: A newly released or popular commander made this card a synergy pickup.,New Commander Precon Synergy,Medium,MTGStocks Weekly Winners,https://www.mtgstocks.com/news/3635-weekly-winners-2022---36
2,Defiler of Vigor,Dominaria United,DMU,412,September 2022,5.86,8.56,46%,Defiler of Vigor: A newly released or popular commander made this card a synergy pickup.,New Commander Precon Synergy,Medium,MTGStocks Weekly Winners,https://www.mtgstocks.com/news/3635-weekly-winners-2022---36
3,Leyline Binding,Dominaria United,DMU,387,September 2022,9.36,12.08,29%,Leyline Binding: A newly released or popular commander made this card a synergy pickup.,New Commander Precon Synergy,Medium,MTGStocks Weekly Winners,https://www.mtgstocks.com/news/3635-weekly-winners-2022---36
1,Ethereal Forager,Commander 2020,C20,34,July 2020,1.42,4.73,234%,Ethereal Forager: A newly released or popular commander made this card a synergy pickup.,New Commander Precon Synergy,Medium,MTGStocks Weekly Winners,https://www.mtgstocks.com/news/369-weekly-winners-2020-30
2,Reflecting Pool,Tempest,TMP,322,July 2020,23.99,33.5,39.6%,Reflecting Pool: A newly released or popular commander made this card a synergy pickup.,New Commander Precon Synergy,Medium,MTGStocks Weekly Winners,https://www.mtgstocks.com/news/369-weekly-winners-2020-30
3,Lake of the Dead,Alliances,ALL,140,July 2020,49.99,70.87,41.8%,Lake of the Dead: A newly released or popular commander made this card a synergy pickup.,New Commander Precon Synergy,Medium,MTGStocks Weekly Winners,https://www.mtgstocks.com/news/369-weekly-winners-2020-30
1,Gonti\'s Aether Heart,Aether Revolt,AER,152,October 2022,1.08,7.05,553%,Gonti\'s Aether Heart: A newly released or popular commander made this card a synergy pickup.,New Commander Precon Synergy,Medium,MTGStocks Weekly Winners,https://www.mtgstocks.com/news/3767-weekly-winners-2022---40
2,Spirit of Resistance,Invasion,INV,38,October 2022,7.52,15.49,106%,Spirit of Resistance: A newly released or popular commander made this card a synergy pickup.,New Commander Precon Synergy,Medium,MTGStocks Weekly Winners,https://www.mtgstocks.com/news/3767-weekly-winners-2022---40
3,Ardent Plea,Alara Reborn,ARB,1,October 2022,4.93,9.72,97%,Ardent Plea: A newly released or popular commander made this card a synergy pickup.,New Commander Precon Synergy,Medium,MTGStocks Weekly Winners,https://www.mtgstocks.com/news/3767-weekly-winners-2022---40
1,Thieves\' Guild Enforcer,Core Set 2021,M21,125,October 2020,,,,Thieves\' Guild Enforcer: A newly released or popular commander made this card a synergy pickup.,New Commander Precon Synergy,Medium,MTGStocks Weekly Winners,https://www.mtgstocks.com/news/383-weekly-winners-2020-40
2,Inkfathom Infiltrator,Shadowmoor,SHM,167,October 2020,1.46,4.96,239%,Inkfathom Infiltrator: A newly released or popular commander made this card a synergy pickup.,New Commander Precon Synergy,Medium,MTGStocks Weekly Winners,https://www.mtgstocks.com/news/383-weekly-winners-2020-40
3,"Omnath, Locus of the Roil",Core Set 2020,M20,216,October 2020,,,,"Omnath, Locus of the Roil: A newly released or popular commander made this card a synergy pickup.",New Commander Precon Synergy,Medium,MTGStocks Weekly Winners,https://www.mtgstocks.com/news/383-weekly-winners-2020-40
1,Corsair Captain,Jumpstart,JMP,11,October 2020,2.63,4.5,71%,Corsair Captain: A newly released or popular commander made this card a synergy pickup.,New Commander Precon Synergy,Medium,MTGStocks Weekly Winners,https://www.mtgstocks.com/news/388-weekly-winners-2020-43
2,Rotlung Reanimator,Onslaught,ONS,164,October 2020,5.95,13.2,121.9%,Rotlung Reanimator: A newly released or popular commander made this card a synergy pickup.,New Commander Precon Synergy,Medium,MTGStocks Weekly Winners,https://www.mtgstocks.com/news/388-weekly-winners-2020-43
3,Polluted Delta,Onslaught,ONS,321,October 2020,46.96,49.72,5.9%,Polluted Delta: A newly released or popular commander made this card a synergy pickup.,New Commander Precon Synergy,Medium,MTGStocks Weekly Winners,https://www.mtgstocks.com/news/388-weekly-winners-2020-43
1,Maralen of the Mornsong,Morningtide,MOR,65,October 2020,6.57,40,508.8%,Maralen of the Mornsong: A newly released or popular commander made this card a synergy pickup.,New Commander Precon Synergy,Medium,MTGStocks Weekly Winners,https://www.mtgstocks.com/news/389-weekly-winners-2020-44
2,Insight,Classic Sixth Edition,6ED,75,October 2020,2.22,13.2,493.3%,Insight: A newly released or popular commander made this card a synergy pickup.,New Commander Precon Synergy,Medium,MTGStocks Weekly Winners,https://www.mtgstocks.com/news/389-weekly-winners-2020-44
3,Krark\'s Thumb,Mirrodin,MRD,190,October 2020,5.74,19.12,233.1%,Krark\'s Thumb: A newly released or popular commander made this card a synergy pickup.,New Commander Precon Synergy,Medium,MTGStocks Weekly Winners,https://www.mtgstocks.com/news/389-weekly-winners-2020-44
1,Last Chance,Starter 1999,S99,110,November 2020,21.85,59.99,174.6%,Last Chance: A newly released or popular commander made this card a synergy pickup.,New Commander Precon Synergy,Medium,MTGStocks Weekly Winners,https://www.mtgstocks.com/news/390-weekly-winners-2020-45
2,Final Fortune,Mirage,MIR,173,November 2020,2.22,13.2,493.3%,Final Fortune: A newly released or popular commander made this card a synergy pickup.,New Commander Precon Synergy,Medium,MTGStocks Weekly Winners,https://www.mtgstocks.com/news/390-weekly-winners-2020-45
3,Horn of Greed,Stronghold,STH,135,November 2020,10.2,12.5,22.6%,Horn of Greed: A newly released or popular commander made this card a synergy pickup.,New Commander Precon Synergy,Medium,MTGStocks Weekly Winners,https://www.mtgstocks.com/news/390-weekly-winners-2020-45
1,Teferi\'s Veil,Weatherlight,WTH,53,November 2020,0.67,2.99,346.3%,Teferi\'s Veil: A newly released or popular commander made this card a synergy pickup.,New Commander Precon Synergy,Medium,MTGStocks Weekly Winners,https://www.mtgstocks.com/news/391-weekly-winners-2020-46
2,Battletide Alchemist,Morningtide,MOR,2,November 2020,1.81,5,176.2%,Battletide Alchemist: A newly released or popular commander made this card a synergy pickup.,New Commander Precon Synergy,Medium,MTGStocks Weekly Winners,https://www.mtgstocks.com/news/391-weekly-winners-2020-46
3,Opposition Agent,Commander Legends,CMR,651,November 2020,23,34.86,51.6%,Opposition Agent: A newly released or popular commander made this card a synergy pickup.,New Commander Precon Synergy,Medium,MTGStocks Weekly Winners,https://www.mtgstocks.com/news/391-weekly-winners-2020-46
1,Chaos Defiler,"Warhammer 40,000 Commander",40K,110,December 2022,1.75,2.94,68%,Chaos Defiler: A new Commander precon release drove demand for key cards in that strategy.,New Commander Precon,High,MTGStocks Weekly Winners,https://www.mtgstocks.com/news/4328-weekly-winners-2022---51
2,Crystal Spray,Invasion,INV,50,December 2022,2.83,4.11,45%,Crystal Spray: A new Commander precon release drove demand for key cards in that strategy.,New Commander Precon,High,MTGStocks Weekly Winners,https://www.mtgstocks.com/news/4328-weekly-winners-2022---51
3,Ravenous Baboons,Exodus,EXO,97,December 2022,1.1,2.12,93%,Ravenous Baboons: A new Commander precon release drove demand for key cards in that strategy.,New Commander Precon,High,MTGStocks Weekly Winners,https://www.mtgstocks.com/news/4328-weekly-winners-2022---51
1,Desolation,Visions,VIS,58,January 2021,3.99,7.48,87.5%,Desolation: A newly released or popular commander made this card a synergy pickup.,New Commander Precon Synergy,Medium,MTGStocks Weekly Winners,https://www.mtgstocks.com/news/434-weekly-winners-2021-04
2,"Tergrid, God of Fright",Kaldheim,KHM,307,January 2021,5.25,10.99,109.3%,"Tergrid, God of Fright: A newly released or popular commander made this card a synergy pickup.",New Commander Precon Synergy,Medium,MTGStocks Weekly Winners,https://www.mtgstocks.com/news/434-weekly-winners-2021-04
3,"Jace, the Mind Sculptor",Masters 25,A25,62,January 2021,53.97,57.39,6.3%,"Jace, the Mind Sculptor: A newly released or popular commander made this card a synergy pickup.",New Commander Precon Synergy,Medium,MTGStocks Weekly Winners,https://www.mtgstocks.com/news/434-weekly-winners-2021-04
1,Bad Moon,Revised Edition,3ED,94,February 2021,5,25,400%,Bad Moon: A newly released or popular commander made this card a synergy pickup.,New Commander Precon Synergy,Medium,MTGStocks Weekly Winners,https://www.mtgstocks.com/news/467-weekly-winners-2021---05
2,Death Cloud,Modern Masters,MMA,76,February 2021,3.7,17.27,366.8%,Death Cloud: A newly released or popular commander made this card a synergy pickup.,New Commander Precon Synergy,Medium,MTGStocks Weekly Winners,https://www.mtgstocks.com/news/467-weekly-winners-2021---05
3,Elvish Champion,Tenth Edition,10E,261,February 2021,8,17.9,123.8%,Elvish Champion: A newly released or popular commander made this card a synergy pickup.,New Commander Precon Synergy,Medium,MTGStocks Weekly Winners,https://www.mtgstocks.com/news/467-weekly-winners-2021---05
1,Staff of the Storyteller,Phyrexia: All Will Be One Commander,ONC,10,March 2023,1.01,3.47,244%,Staff of the Storyteller: A new Commander precon release drove demand for key cards in that strategy.,New Commander Precon,High,MTGStocks Weekly Winners,https://www.mtgstocks.com/news/5450-weekly-winners-2023---12
2,Nylea\'s Colossus,Commander 2018,C18,33,March 2023,6.24,14.29,129%,Nylea\'s Colossus: A new Commander precon release drove demand for key cards in that strategy.,New Commander Precon,High,MTGStocks Weekly Winners,https://www.mtgstocks.com/news/5450-weekly-winners-2023---12
3,And They Shall Know No Fear,"Warhammer 40,000 Commander",40K,9,March 2023,5.32,10.95,106%,And They Shall Know No Fear: A new Commander precon release drove demand for key cards in that strategy.,New Commander Precon,High,MTGStocks Weekly Winners,https://www.mtgstocks.com/news/5450-weekly-winners-2023---12
1,Essence Flux,Jumpstart,JMP,151,March 2021,0.61,3.33,446%,Essence Flux: A newly released or popular commander made this card a synergy pickup.,New Commander Precon Synergy,Medium,MTGStocks Weekly Winners,https://www.mtgstocks.com/news/665-weekly-winners-2021---09
2,Samurai of the Pale Curtain,Champions of Kamigawa,CHK,43,March 2021,1.18,5.75,387%,Samurai of the Pale Curtain: A newly released or popular commander made this card a synergy pickup.,New Commander Precon Synergy,Medium,MTGStocks Weekly Winners,https://www.mtgstocks.com/news/665-weekly-winners-2021---09
3,Cabal Coffers,Torment,TOR,139,March 2021,79.99,85.99,7.5%,Cabal Coffers: A newly released or popular commander made this card a synergy pickup.,New Commander Precon Synergy,Medium,MTGStocks Weekly Winners,https://www.mtgstocks.com/news/665-weekly-winners-2021---09
1,Merrow Commerce,Lorwyn,LRW,72,December 2023,4.19,29.99,234%,Merrow Commerce: Universes Beyond / TV crossover hype increased demand for related Commander cards.,TV Show Hype / New Commander Precon,High,MTGStocks Weekly Winners,https://www.mtgstocks.com/news/9839-weekly-winners-2023---48
2,Broadside Bombardiers,The Lost Caverns of Ixalan Commander,LCC,54,December 2023,8,16.69,96%,Broadside Bombardiers: Universes Beyond / TV crossover hype increased demand for related Commander cards.,TV Show Hype / New Commander Precon,High,MTGStocks Weekly Winners,https://www.mtgstocks.com/news/9839-weekly-winners-2023---48
3,Flaming Tyrannosaurus,Doctor Who,WHO,85,December 2023,14,8.47,198%,Flaming Tyrannosaurus: Universes Beyond / TV crossover hype increased demand for related Commander cards.,TV Show Hype / New Commander Precon,High,MTGStocks Weekly Winners,https://www.mtgstocks.com/news/9839-weekly-winners-2023---48